Street Address,Zipcode,Braille,Fees,Wheel_Chair
"11400 JEFFERSON DAVIS HWY, CHESTER, VA, 23232",23232,,N,
"11648 JEFFERSON DAVIS, CHESTER, VA, 23831",23831,N,N,
"11900 CHESTER VILLAGE, CHESTER, VA, 23236",23236,,N,
"11936 -C-CENTRE STREET, CHESTER, VA, 23831",23831,,N,
"12020 IRONBRIDGE ROAD, CHESTER, VA, 23832",23832,,N,
"12120 HARROWGATE RD, CHESTER, VA, 23831",23831,,N,
"12211 JEFFERSON DAVIS HWY, CHESTER, VA, 238312316",23831,,N,
"12441 REDWATER CREEK RD, CHESTER, VA, 238312343",23831,,N,
"12500 JEFFERSON DAVIS HWY, CHESTER, VA, 238315317",23831,,N,
"12551 JEFFERSON DAVIS HWY, CHESTER, VA, 23831",23831,,N,
"12700 JEFFERSON DAVIS HIGHWAY, CHESTER, VA, 23831",23831,,N,
"12807 GLORIA CT, CHESTER, VA, 23831",23831,,N,
"12840 JEFFERSON DAVIS HIGHWAY, CHESTER, VA, 23831",23831,,N,
"12902 OLD STAGE RD, CHESTER, VA, 23831",23831,,N,
"1300 WEST HUNDRED, CHESTER, VA, 23836",23836,,N,
"13200 KINGSTON AVE, CHESTER, VA, 23836",23836,,N,
"13200 KINGSTON RD., CHESTER, VA, 23836",23836,,N,
"14103 HARROWGATE RD, CHESTER, VA, 23831",23831,,N,
"1920 W HUNDRED RD, CHESTER, VA, 23836",23836,,N,
"221 E HUNDRED RD, CHESTER, VA, 23836",23836,,N,
"2320 W HUNDRED RD, CHESTER, VA, 23831",23831,,N,
"2411 W HUNDRED RD, CHESTER, VA, 238312304",23831,,N,
"2421 W HUNDRED RD, CHESTER, VA, 23831",23831,,N,
"2530 WEIR RD, CHESTER, VA, 23831",23831,,N,
"2720 WEST HUNDRED ROAD, CHESTER, VA, 23831",23831,,N,
"316 EAST HUNDRED RD, CHESTER, VA, 23831",23831,,N,
"4100 BERMUDA HUNDRED, CHESTER, VA, 23831",23831,,N,
"4300 WEST HUNDRED RD, CHESTER, VA, 23831",23831,,N,
"4310 W. HUNDRED RD, CHESTER, VA, 23831",23831,Y,N,Y
"4400 WEST HUNDRED ROAD, CHESTER, VA, 23831",23831,,Y,N
"4620 CHESTER LINEAR PARK, CHESTER, VA, 23831",23831,,N,
"4820 WEST HUNDRED ROA, CHESTER, VA, 23831",23831,,N,
